{
	"credit": "Made with Blockbench",
	"parent": "block/block",
	"textures": {
		"0": "block/scaffolding_top",
		"1": "block/scaffolding_side_unstable",
		"particle": "block/scaffolding_top"
	},
	"elements": [
		{
			"name": "top",
			"from": [0, 14, 0],
			"to": [16, 16, 16],
			"faces": {
				"north": {"uv": [0, 0, 16, 2], "texture": "#1", "cullface": "north"},
				"east": {"uv": [0, 0, 16, 2], "texture": "#1", "cullface": "east"},
				"south": {"uv": [0, 0, 16, 2], "texture": "#1", "cullface": "south"},
				"west": {"uv": [0, 0, 16, 2], "texture": "#1", "cullface": "west"},
				"up": {"uv": [0, 0, 16, 16], "texture": "#0", "cullface": "up"},
				"down": {"uv": [0, 0, 16, 16], "texture": "#0"}
			}
		},
		{
			"name": "north_side",
			"from": [0, 0, 1],
			"to": [16, 16, 1],
			"faces": {
				"north": {"uv": [0, 0, 16, 16], "texture": "#1"},
				"east": {"uv": [0, 0, 0, 16], "texture": "#1", "cullface": "east"},
				"south": {"uv": [0, 0, 16, 16], "texture": "#1"},
				"west": {"uv": [0, 0, 0, 16], "texture": "#1", "cullface": "west"},
				"up": {"uv": [0, 0, 16, 0], "texture": "#1", "cullface": "up"},
				"down": {"uv": [0, 0, 16, 0], "texture": "#1", "cullface": "down"}
			}
		},
		{
			"name": "west_side",
			"from": [1, 0, 0],
			"to": [1, 16, 16],
			"faces": {
				"north": {"uv": [0, 0, 0, 16], "texture": "#1", "cullface": "north"},
				"east": {"uv": [0, 0, 16, 16], "texture": "#1"},
				"south": {"uv": [0, 0, 0, 16], "texture": "#1", "cullface": "south"},
				"west": {"uv": [0, 0, 16, 16], "texture": "#1"},
				"up": {"uv": [0, 0, 16, 0], "rotation": 270, "texture": "#1", "cullface": "up"},
				"down": {"uv": [0, 0, 16, 0], "rotation": 90, "texture": "#1", "cullface": "down"}
			}
		},
		{
			"name": "south_side",
			"from": [0, 0, 15],
			"to": [16, 16, 15],
			"faces": {
				"north": {"uv": [0, 0, 16, 16], "texture": "#1"},
				"east": {"uv": [0, 0, 0, 16], "texture": "#1", "cullface": "east"},
				"south": {"uv": [0, 0, 16, 16], "texture": "#1"},
				"west": {"uv": [0, 0, 0, 16], "texture": "#1", "cullface": "west"},
				"up": {"uv": [0, 0, 16, 0], "texture": "#1", "cullface": "up"},
				"down": {"uv": [0, 0, 16, 0], "texture": "#1", "cullface": "down"}
			}
		},
		{
			"name": "east_side",
			"from": [15, 0, 0],
			"to": [15, 16, 16],
			"faces": {
				"north": {"uv": [0, 0, 0, 16], "texture": "#1", "cullface": "north"},
				"east": {"uv": [0, 0, 16, 16], "texture": "#1"},
				"south": {"uv": [0, 0, 0, 16], "texture": "#1", "cullface": "south"},
				"west": {"uv": [0, 0, 16, 16], "texture": "#1"},
				"up": {"uv": [0, 0, 16, 0], "rotation": 90, "texture": "#1", "cullface": "up"},
				"down": {"uv": [0, 0, 16, 0], "rotation": 270, "texture": "#1", "cullface": "down"}
			}
		},
		{
			"name": "bottom",
			"from": [0, 0, 0],
			"to": [16, 2, 16],
			"faces": {
				"north": {"uv": [0, 14, 16, 16], "texture": "#1", "cullface": "north"},
				"east": {"uv": [0, 14, 16, 16], "texture": "#1", "cullface": "east"},
				"south": {"uv": [0, 14, 16, 16], "texture": "#1", "cullface": "south"},
				"west": {"uv": [0, 14, 16, 16], "texture": "#1", "cullface": "west"},
				"up": {"uv": [0, 0, 16, 16], "texture": "#0"},
				"down": {"uv": [0, 0, 16, 16], "texture": "#0", "cullface": "down"}
			}
		}
	]
}