{
	"credit": "Made with Blockbench",
	"parent": "block/block",
	"textures": {
		"particle": "block/sculk_shrieker_bottom",
		"bottom": "block/sculk_shrieker_bottom",
		"side": "block/sculk_shrieker_side",
		"top": "block/sculk_shrieker_top",
		"inner_top": "block/sculk_shrieker_inner_top"
	},
	"elements": [
		{
			"name": "bottom_slab",
			"from": [0, 0, 0],
			"to": [16, 8, 16],
			"faces": {
				"north": {"uv": [0, 8, 16, 16], "texture": "#side", "cullface": "north"},
				"east": {"uv": [0, 8, 16, 16], "texture": "#side", "cullface": "east"},
				"south": {"uv": [0, 8, 16, 16], "texture": "#side", "cullface": "south"},
				"west": {"uv": [0, 8, 16, 16], "texture": "#side", "cullface": "west"},
				"up": {"uv": [0, 0, 16, 16], "texture": "#inner_top"},
				"down": {"uv": [0, 0, 16, 16], "texture": "#bottom", "cullface": "down"}
			}
		},
		{
			"name": "up",
			"from": [0, 15.98, 0],
			"to": [16, 15.98, 16],
			"faces": {
				"up": {"uv": [0, 0, 16, 16], "texture": "#top"},
				"down": {"uv": [0, 0, 16, 16], "texture": "#top"}
			}
		},
		{
			"name": "south",
			"from": [0, 8, 15.98],
			"to": [16, 16, 15.98],
			"faces": {
				"north": {"uv": [0, 0, 16, 8], "texture": "#side"},
				"south": {"uv": [0, 0, 16, 8], "texture": "#side"}
			}
		},
		{
			"name": "north",
			"from": [0, 8, 0.02],
			"to": [16, 16, 0.02],
			"faces": {
				"north": {"uv": [0, 0, 16, 8], "texture": "#side"},
				"south": {"uv": [0, 0, 16, 8], "texture": "#side"}
			}
		},
		{
			"name": "east",
			"from": [15.98, 8, 0],
			"to": [15.98, 16, 16],
			"faces": {
				"east": {"uv": [0, 0, 16, 8], "texture": "#side"},
				"west": {"uv": [0, 0, 16, 8], "texture": "#side"}
			}
		},
		{
			"name": "west",
			"from": [0.02, 8, 0],
			"to": [0.02, 16, 16],
			"faces": {
				"east": {"uv": [0, 0, 16, 8], "texture": "#side"},
				"west": {"uv": [0, 0, 16, 8], "texture": "#side"}
			}
		}
	]
}